{
 "acc_macro": [
  0.11802924348378141,
  0.11802924348378141,
  0.11802924348378141,
  0.11802924348378141,
  0.11802924348378141
 ],
 "prec_macro": [
  0.11802924348378893,
  0.11802924348378893,
  0.11802924348378893,
  0.11802924348378893,
  0.11802924348378893
 ],
 "rec_macro": [
  1.0,
  1.0,
  1.0,
  1.0,
  1.0
 ],
 "f1_macro": [
  0.21113802554217417,
  0.21113802554217417,
  0.21113802554217417,
  0.21113802554217417,
  0.21113802554217417
 ],
 "acc_micro": [
  0.11802924348378893,
  0.11802924348378893,
  0.11802924348378893,
  0.11802924348378893,
  0.11802924348378893
 ],
 "prec_micro": [
  0.11802924348378893,
  0.11802924348378893,
  0.11802924348378893,
  0.11802924348378893,
  0.11802924348378893
 ],
 "rec_micro": [
  1.0,
  1.0,
  1.0,
  1.0,
  1.0
 ],
 "f1_micro": [
  0.21113802554217417,
  0.21113802554217417,
  0.21113802554217417,
  0.21113802554217417,
  0.21113802554217417
 ],
 "rec_at_5": [
  0.2315190217843152,
  0.2315190217843152,
  0.2315190217843152,
  0.23144838535004236,
  0.2315190217843152
 ],
 "prec_at_5": [
  0.26230133502860775,
  0.26230133502860775,
  0.26230133502860775,
  0.26217418944691673,
  0.26230133502860775
 ],
 "f1_at_5": [
  0.24595076999447826,
  0.24595076999447826,
  0.24595076999447826,
  0.2458550152529159,
  0.24595076999447826
 ],
 "auc_macro": [
  0.49434598922728595,
  0.492424140984685,
  0.4914144970454503,
  0.4908053285555786,
  0.49434598922728595
 ],
 "auc_micro": [
  0.5902053860155679,
  0.5806834236350245,
  0.5754112960057554,
  0.571664966380763,
  0.5902053860155679
 ],
 "loss_dev": [
  0.6945064036389937,
  0.6934703663512544,
  0.6932857872495511,
  0.6932213322720706,
  0.6945064036389937
 ],
 "acc_macro_te": [
  0.12119144013880154
 ],
 "prec_macro_te": [
  0.12119144013880856
 ],
 "rec_macro_te": [
  1.0
 ],
 "f1_macro_te": [
  0.2161833132151
 ],
 "acc_micro_te": [
  0.12119144013880856
 ],
 "prec_micro_te": [
  0.12119144013880856
 ],
 "rec_micro_te": [
  1.0
 ],
 "f1_micro_te": [
  0.2161833132151
 ],
 "rec_at_5_te": [
  0.2451043025856757
 ],
 "prec_at_5_te": [
  0.2790052053209948
 ],
 "f1_at_5_te": [
  0.2609583502543642
 ],
 "auc_macro_te": [
  0.4922905154493455
 ],
 "auc_micro_te": [
  0.596304492822153
 ],
 "loss_test_te": [
  0.694493063341475
 ],
 "loss_tr": [
  0.7397154862337774,
  0.6938239734951812,
  0.6933664077579385,
  0.6932532108656251,
  NaN
 ]
}