{
 "acc_macro": [
  0.10839241425405106,
  0.17774019673701777,
  0.22271744551770026,
  0.24019940915107843,
  0.2493878539846186,
  0.2671551698377942,
  0.27185378822177597,
  0.27379983861073803,
  0.2631431477986176,
  0.2731947699251678,
  0.27185378822177597
 ],
 "prec_macro": [
  0.18069737409896963,
  0.32181858031822475,
  0.4253871578132592,
  0.43539071444366706,
  0.4554927721976982,
  0.4409344938581242,
  0.4238541596153139,
  0.4472007788231556,
  0.44633344036100625,
  0.4593350306286495,
  0.4238541596153139
 ],
 "rec_macro": [
  0.1817876437141157,
  0.2771139170251201,
  0.3027374677007928,
  0.331704150719575,
  0.3276132316148261,
  0.37289338282210127,
  0.3938826784960622,
  0.37847481523735405,
  0.37553803857588064,
  0.38375495318603015,
  0.3938826784960622
 ],
 "f1_macro": [
  0.18124086926935037,
  0.29779785788555335,
  0.35373238711135524,
  0.37653988763173896,
  0.38111177375830285,
  0.4040696066800193,
  0.4083191655314391,
  0.4099775586359184,
  0.4078866076745038,
  0.41815724669870497,
  0.4083191655314391
 ],
 "acc_micro": [
  0.19217867953857481,
  0.25092308900934873,
  0.2972151898734177,
  0.3091433278418451,
  0.3126105635582512,
  0.3345545249045132,
  0.34271586154431344,
  0.342418000316907,
  0.3347822712101219,
  0.3371317829457364,
  0.34271586154431344
 ],
 "prec_micro": [
  0.4441293250141804,
  0.48102409638554217,
  0.5784201018229594,
  0.5677760968229955,
  0.589141133513256,
  0.5475886705792294,
  0.5384247639536274,
  0.5641561153896358,
  0.5450524453431063,
  0.5459452673863922,
  0.5384247639536274
 ],
 "rec_micro": [
  0.2530431972422708,
  0.3440698050199289,
  0.37940321016912637,
  0.4042874070882258,
  0.3997630076483895,
  0.4623505332327911,
  0.48529570182053217,
  0.46558224711838847,
  0.4646127329527093,
  0.46849078961542606,
  0.48529570182053217
 ],
 "f1_micro": [
  0.3223991216030744,
  0.40118068203228036,
  0.45823575331772054,
  0.47228339520543633,
  0.47631882941855985,
  0.5013725833771392,
  0.5104815864022663,
  0.5101510859301228,
  0.5016282856478251,
  0.5042611165864688,
  0.5104815864022663
 ],
 "rec_at_5": [
  0.29809873839225076,
  0.3806016187697481,
  0.45226467767337397,
  0.45874928662740705,
  0.46444516568114474,
  0.4663131864910525,
  0.4702663576931162,
  0.4750353828488085,
  0.46280952912020623,
  0.4671808988098138,
  0.4702663576931162
 ],
 "prec_at_5": [
  0.34634456452638274,
  0.4150031786395422,
  0.47425301970756517,
  0.4837889383343929,
  0.48518753973299433,
  0.4923076923076923,
  0.49980928162746346,
  0.4991735537190083,
  0.4925619834710743,
  0.49421487603305786,
  0.49980928162746346
 ],
 "f1_at_5": [
  0.32041570535915315,
  0.39705864544591113,
  0.46299793236540676,
  0.47093650838007817,
  0.47458981981764087,
  0.478957998540011,
  0.4845879658967205,
  0.48680543012531186,
  0.4772224765514602,
  0.4803177963373938,
  0.4845879658967205
 ],
 "auc_macro": [
  0.7273686745655743,
  0.7719376020872892,
  0.7973373309641927,
  0.8012286468187902,
  0.8026385739064082,
  0.8004953826514947,
  0.8000574824061184,
  0.8033546987813639,
  0.8026690037969781,
  0.8012662056303096,
  0.8000574824061184
 ],
 "auc_micro": [
  0.7418982055984783,
  0.8040989383535462,
  0.8391054077524276,
  0.8440519553606765,
  0.8456733074330439,
  0.8474516709721529,
  0.8464936867173071,
  0.8452377463964423,
  0.8405825711035251,
  0.840137009039815,
  0.8464936867173071
 ],
 "loss_dev": [
  0.34120093131152524,
  0.30870148591645113,
  0.2780369863491943,
  0.2778256522480917,
  0.2782476789212045,
  0.28992887165513453,
  0.29973615435391987,
  0.3042345905412422,
  0.3232709362922924,
  0.3328483235896183,
  0.29973615435391987
 ],
 "acc_macro_te": [
  0.2744190437436125
 ],
 "prec_macro_te": [
  0.43704775440276067
 ],
 "rec_macro_te": [
  0.3900348040385001
 ],
 "f1_macro_te": [
  0.41220512633033257
 ],
 "acc_micro_te": [
  0.3446886947023484
 ],
 "prec_micro_te": [
  0.5476138828633406
 ],
 "rec_micro_te": [
  0.48191276128662786
 ],
 "f1_micro_te": [
  0.512666903589379
 ],
 "rec_at_5_te": [
  0.4691917927292847
 ],
 "prec_at_5_te": [
  0.5041064198958936
 ],
 "f1_at_5_te": [
  0.48602286906362957
 ],
 "auc_macro_te": [
  0.7919479011774384
 ],
 "auc_micro_te": [
  0.8432917638271045
 ],
 "loss_test_te": [
  0.3050173961903799
 ],
 "loss_tr": [
  0.30841612237514837,
  0.26613938147478766,
  0.2429349181675675,
  0.2229256145729877,
  0.2075574083050879,
  0.19440581500530243,
  0.1819273074222083,
  0.17122927240215907,
  0.16199582813694927,
  0.15189125124770816,
  NaN
 ]
}