{
 "acc_macro": [
  0.31812530876986345,
  0.4210185250616092,
  0.43406235191117937,
  0.43425158655148116,
  0.4338166906070706,
  0.42812573840251256,
  0.42344815503057454,
  0.42593541611243757,
  0.4338166906070706
 ],
 "prec_macro": [
  0.49005263738383287,
  0.5302702880723135,
  0.5285031095220569,
  0.5250298412903096,
  0.5583053990301169,
  0.5571846948062352,
  0.5290478006775016,
  0.523657934344116,
  0.5583053990301169
 ],
 "rec_macro": [
  0.45847418988983724,
  0.6362694606447308,
  0.6760946836355697,
  0.6867949029696774,
  0.6298364998805163,
  0.6184360823034172,
  0.6458151230011044,
  0.6530075380033157,
  0.6298364998805163
 ],
 "f1_macro": [
  0.47373775726241424,
  0.5784539970605586,
  0.5932571762332183,
  0.5951154580943301,
  0.5919177140574396,
  0.5862147496620048,
  0.5816288242345972,
  0.5812231029092106,
  0.5919177140574396
 ],
 "acc_micro": [
  0.3882978723404255,
  0.45701943844492443,
  0.4633531676583829,
  0.4584942084942085,
  0.4634291672873529,
  0.4551992368092757,
  0.44663394109396914,
  0.44734090750679584,
  0.4634291672873529
 ],
 "prec_micro": [
  0.5961725987323256,
  0.5794614331355545,
  0.5695723259616212,
  0.5601886951394154,
  0.6002894356005789,
  0.5881293258746563,
  0.5613432046536224,
  0.5589618533356558,
  0.6002894356005789
 ],
 "rec_micro": [
  0.5268770871485511,
  0.6838306581923947,
  0.7130238069589573,
  0.7163632446407412,
  0.6702574598728859,
  0.668210707745341,
  0.6860928579123128,
  0.6913713239254551,
  0.6702574598728859
 ],
 "f1_micro": [
  0.5593869731800766,
  0.6273347168692559,
  0.6332759280520475,
  0.628722700198544,
  0.6333469055374593,
  0.6256177508825013,
  0.6174802462552718,
  0.6181555502046713,
  0.6333469055374593
 ],
 "rec_at_5": [
  0.5278819863199211,
  0.6019919986777503,
  0.6062091104969525,
  0.6029886621823604,
  0.6026349145637436,
  0.5961603706893317,
  0.5943546600600916,
  0.5900660714883749,
  0.6026349145637436
 ],
 "prec_at_5": [
  0.5469802924348379,
  0.6113159567705022,
  0.6151303242212334,
  0.6083916083916084,
  0.6116973935155753,
  0.6041958041958041,
  0.6024157660521297,
  0.5983471074380166,
  0.6116973935155753
 ],
 "f1_at_5": [
  0.5372614686652947,
  0.6066181516199106,
  0.610637135076047,
  0.6056780862927713,
  0.6071323377093989,
  0.6001511920122832,
  0.5983580643948482,
  0.5941777377314852,
  0.6071323377093989
 ],
 "auc_macro": [
  0.8401153197889322,
  0.8806690477215323,
  0.8885374803122237,
  0.8873349875988324,
  0.8824808426671177,
  0.8763058397920709,
  0.8763580451799551,
  0.8753336624172127,
  0.8824808426671177
 ],
 "auc_micro": [
  0.8767647839224283,
  0.9103304896712056,
  0.9134851630360218,
  0.9099489132161043,
  0.9067219568066789,
  0.9005179733823626,
  0.9001120947419785,
  0.8999344499450076,
  0.9067219568066789
 ],
 "loss_dev": [
  0.2674335950804378,
  0.25118668224409135,
  0.25539371710168807,
  0.2730359410439622,
  0.2715501384643834,
  0.30683076119930197,
  0.3425479955637907,
  0.3724472034735592,
  0.2715501384643834
 ],
 "acc_macro_te": [
  0.42171027047216847
 ],
 "prec_macro_te": [
  0.5445748625927516
 ],
 "rec_macro_te": [
  0.6187508909706325
 ],
 "f1_macro_te": [
  0.579298069173392
 ],
 "acc_micro_te": [
  0.4530166208611438
 ],
 "prec_micro_te": [
  0.5902967257844475
 ],
 "rec_micro_te": [
  0.6607807578505297
 ],
 "f1_micro_te": [
  0.623553253771673
 ],
 "rec_at_5_te": [
  0.591567940842428
 ],
 "prec_at_5_te": [
  0.6120300751879698
 ],
 "f1_at_5_te": [
  0.6016250716442517
 ],
 "auc_macro_te": [
  0.8759476513153786
 ],
 "auc_micro_te": [
  0.9018848012572589
 ],
 "loss_test_te": [
  0.2838081347596109
 ],
 "loss_tr": [
  0.27020364548310194,
  0.20469365832534167,
  0.17225898051320918,
  0.14202370839101253,
  0.11305343000642439,
  0.08721025652888388,
  0.06899251570408739,
  0.055922064048671484,
  NaN
 ]
}